AP-1GZE48,4,22,30,39,45,48
AP-52EN7Q,14,23,32,37,43,60
AP-4NZ1VV,5,16,17,25,39,48
AP-LN8BSF,5,36,38,43,58,60
AP-06OTER,7,13,28,35,39,56
AP-IVS628,13,15,22,47,53,60
AP-9VRQAH,15,21,23,25,58,59
AP-R5UNFE,9,35,38,47,50,60
AP-PWQR4S,10,14,27,35,50,60
AP-9BNPZS,4,31,37,41,53,60
AP-4FQSUF,7,17,38,41,43,56
AP-ZUH22I,23,25,28,43,49,55
AP-4Q4C98,6,13,23,24,38,60
AP-9WJZOC,23,34,50,54,57,58
AP-OHKC71,13,15,24,31,38,55
AP-7KRZ4B,11,22,30,40,43,44
AP-J9MUW7,6,9,28,41,50,51
AP-XZ3NZ0,7,10,13,40,55,56
AP-88HDI7,8,21,23,26,39,58
AP-1LBMBN,9,17,23,24,47,58
AP-URZWRA,8,12,38,41,47,58
AP-FPAYD7,19,32,33,47,50,56
AP-G9KAEF,9,22,30,34,47,59
AP-N5AWVO,8,13,15,16,22,27
AP-ALQRTV,17,30,34,35,44,53
AP-ZPHCGD,2,14,19,24,33,42
AP-TSTPP3,3,25,31,36,48,57
AP-U8HFA8,11,14,15,30,52,55
AP-DKH3S1,4,16,20,29,52,59
AP-LNJQ0L,8,16,18,42,47,53
AP-R76H89,1,15,23,24,41,52
AP-381Q5U,5,11,23,29,40,49
AP-WP4UNO,8,9,15,46,47,48
AP-9G3KQ4,13,17,26,34,41,51
AP-VGLCSK,8,15,18,28,31,57
AP-BNRNVW,4,30,39,47,52,59
AP-VV2PC3,6,12,15,29,38,56
AP-H98PVS,5,10,17,40,53,58
AP-QGS89J,3,6,11,41,43,60
AP-UK9P0U,4,8,13,37,45,51
AP-YUPV7S,12,18,24,26,38,60
AP-U484WQ,10,21,25,28,36,52
AP-PIRY7M,1,10,28,35,37,48
AP-XYY247,7,19,27,35,45,57
AP-DQ1IZE,8,15,41,45,56,57
AP-61BAQN,2,22,30,33,38,54
AP-M2SVGU,7,12,24,39,50,57
AP-2IGKIY,24,27,35,40,51,52
AP-T7DMFP,8,10,27,33,35,60
AP-P1U62B,19,23,24,26,43,60
AP-JBDPVF,4,18,22,37,50,56
AP-0J7E2Q,11,19,23,24,44,59
AP-8B6QFV,1,4,16,19,51,52
AP-S3O5K9,15,16,25,50,51,59
AP-7LV450,1,9,13,18,25,39
AP-ZKPUU5,9,22,42,43,56,60
AP-GWL989,14,21,27,29,33,40
AP-B1TFW6,9,11,15,37,40,43
AP-XSUZA5,8,13,15,30,52,54
AP-20KY6N,2,14,26,28,34,39
AP-X1LCF3,23,27,31,37,51,60
AP-L34LL9,8,24,45,55,58,60
AP-WH3KAI,9,19,20,40,54,56
AP-NUX0C6,10,41,43,44,57,60
AP-WYH66U,2,9,27,43,55,59
AP-1QX0JA,2,5,15,29,32,55
AP-4R81RG,7,16,25,29,30,58
AP-PP9D3W,13,22,23,47,49,58
AP-O7DVQH,2,27,30,45,48,58
AP-UYN35G,2,10,27,32,35,37
AP-8T04JZ,29,40,41,56,58,60
AP-02XM7J,2,18,20,24,41,53
AP-B2SO4A,8,14,37,39,42,44
AP-6MM1V4,6,36,37,38,39,51
AP-AXWYAZ,4,5,16,46,49,58
AP-M6U13E,15,26,30,32,36,55
AP-T57LTA,4,7,18,33,46,48
AP-IUVTLT,17,22,29,38,41,57
AP-6SWR3P,14,23,26,46,51,59
AP-A1U34R,10,20,21,29,47,48
AP-YVQ2VM,5,7,13,30,33,40
AP-3I1IEF,1,3,20,26,30,36
AP-AX7Z7Z,8,13,21,29,44,53
AP-5SA5BN,13,17,18,19,36,51
AP-6S2S34,11,14,20,29,42,57
AP-4PY58F,2,21,37,43,47,50
AP-ZEQKD6,5,11,14,26,33,51
AP-LVXWO1,2,6,17,31,56,58
AP-MFATSH,17,18,19,46,48,54
AP-A00ZUU,3,36,37,40,46,48
AP-WAY361,12,17,32,39,47,49
AP-3OPSH5,8,15,23,25,37,48
AP-1CJI98,4,7,16,31,35,45
AP-2JAEK4,3,23,27,30,51,52
AP-KDO8EJ,5,18,22,25,45,59
AP-ON5P9M,16,24,29,33,35,49
AP-GKKK42,16,21,29,38,57,59
AP-2R8LJT,6,10,42,45,47,53
AP-PKVW0V,9,29,31,37,44,55
AP-ELF26E,5,9,10,24,31,56
AP-03QERG,6,15,33,41,42,58
AP-FY9QQK,2,3,21,24,40,50
AP-YYAAQM,9,16,31,41,52,58
AP-JSE7A4,13,25,27,30,33,46
AP-DA0ZOG,17,28,34,35,44,59
AP-A2V5V0,26,35,36,43,53,57
AP-T4ODGH,7,15,19,23,31,55
AP-5NOT4R,3,5,11,15,24,42
AP-80TEAH,3,22,32,33,36,51
AP-52V3T7,10,12,13,35,44,52
AP-SV60EE,4,6,8,18,31,44
AP-AOAGLO,5,9,14,19,43,49
AP-F5AI17,1,2,3,9,48,54
AP-YUEBAN,15,19,36,41,49,54
AP-WM4N0W,34,39,40,46,48,52
AP-7DGV82,17,19,26,28,39,49
AP-BU0SWC,8,41,43,45,51,53
AP-4ZLJ3H,3,7,8,18,28,46
AP-3IAZD1,8,19,24,40,45,55
AP-4I27R0,8,16,17,25,49,58
AP-YSIIUQ,6,14,37,41,56,57
AP-XMPSR0,4,19,21,35,37,43
AP-3UL3A3,8,21,26,35,37,55
AP-P1DQJR,6,42,44,48,52,58
AP-5YBD1S,12,20,34,42,47,51
AP-CMGZQI,2,4,22,27,29,34
AP-4AQEGC,11,19,21,24,28,32
AP-YUIHTG,11,13,16,27,51,54
AP-MF6RG5,9,12,32,38,49,55
AP-924V12,12,17,22,30,47,60
AP-C5U664,2,14,21,36,38,48
AP-4JLPLW,22,26,35,37,38,51
AP-JX5N3I,6,11,15,42,54,58
AP-JYK6IG,1,7,14,28,34,60
AP-CBWBEP,1,6,7,9,25,41
AP-WXH85Q,8,12,15,16,33,46
AP-HGLNM9,14,26,28,29,58,59
AP-Y9PBD0,10,19,20,34,36,51
AP-YY0TDY,6,12,29,37,50,57
AP-0ANSUI,7,12,18,28,29,37
AP-SQZDUW,10,11,16,23,54,60
AP-WWQCU4,3,6,7,15,19,34
AP-J8T2JC,5,9,27,30,36,51
AP-05XZ4O,12,13,34,42,44,46
AP-OX4WXB,1,4,11,30,37,57
AP-H4JI11,8,22,34,47,58,59
AP-GTK7FM,5,17,32,35,51,57
AP-4Z0RPM,6,13,14,27,30,36
AP-6YWF9O,3,25,33,39,49,51
AP-3CT3D7,3,9,16,22,23,26
AP-4L9HY7,3,26,31,34,45,54
AP-9FPV65,2,17,27,34,43,54
AP-7N7JY7,12,26,39,41,43,57
AP-PU0QUY,18,21,27,28,46,51
AP-J9D8BC,9,34,41,44,57,59
AP-7LQG9G,1,15,19,22,33,41
AP-RD5XWQ,11,19,26,30,51,52
AP-XZAYLD,1,9,21,30,39,45
AP-SY9FVH,9,34,35,38,58,60
AP-QST5BI,7,12,16,21,35,46
AP-1HWW58,22,33,40,42,50,58
AP-6LG2KZ,3,18,24,34,52,58
AP-JOI20L,6,8,28,36,38,42
AP-Y6O6Z7,4,7,18,46,47,49
AP-BV6381,3,6,16,27,48,56
AP-QPT0HY,2,3,22,46,48,60
AP-2YKCR9,2,11,18,32,41,44
AP-EOKQEM,7,10,17,20,42,58
AP-XL64X6,2,17,18,40,41,56
AP-Y8M9ZD,1,3,19,48,57,59
AP-0GBXLQ,11,13,22,30,41,51
AP-LS4NEP,2,15,30,48,54,59
AP-2W4985,3,4,11,19,28,33
AP-0COBPO,9,13,25,27,30,51
AP-0XVCT9,16,22,23,26,38,40
AP-M473AL,11,13,33,36,48,58
AP-I4PQPS,13,28,32,33,34,59
AP-N1UXN6,6,32,41,43,53,60
AP-LIN53Z,20,23,43,45,57,60
AP-YMHSU4,23,29,49,50,53,59
AP-CSNXJ4,5,8,21,29,53,56
AP-N0E84N,7,9,18,24,28,37
AP-HYJFS2,5,19,24,46,55,56
AP-NJ5QN4,21,28,40,51,56,60
AP-AP30AR,5,28,29,35,48,49
AP-T5EI9J,3,21,31,37,44,48
AP-FE9G55,1,10,20,31,34,60
AP-ZUP1JJ,1,6,22,24,26,29
AP-M70IG4,4,27,38,41,52,54
AP-MTU1HK,2,30,32,42,47,55
AP-FHDN2Z,10,13,17,33,38,50
AP-7APOE2,22,33,41,50,53,58
AP-056XU6,1,24,43,44,50,57
AP-5XNPFS,2,3,25,30,37,54
AP-8D5RQ9,27,32,45,47,58,60
AP-T9QMY3,8,24,26,36,47,50
AP-13XOXQ,3,42,44,50,52,60
AP-V7LTZM,3,16,17,27,37,55
AP-4JRDAB,7,17,22,43,53,57
AP-E7KG9J,12,15,22,34,35,57
AP-975E7A,6,8,12,18,45,57
AP-30GMYM,11,12,18,37,38,40
AP-BI3TFK,6,8,19,26,27,60
AP-V0PDH6,13,22,44,48,53,60
AP-UMXZL5,2,4,6,13,19,38
AP-VMVQ6S,1,32,40,41,43,54
AP-VA8KME,11,20,25,38,47,50
AP-BGNEHY,2,11,13,23,41,54
AP-CTMADO,16,19,25,50,55,60
AP-L9HFY3,6,8,11,15,17,34
AP-ZJL1EX,3,31,45,46,47,48
AP-4KONNP,4,15,36,42,45,48
AP-WTZEKA,3,12,14,22,34,36
AP-FKI9P8,19,29,32,33,44,47
AP-LXO6ZI,1,11,14,17,37,39
AP-XLTOM1,5,12,22,31,51,59
AP-YETPEH,4,11,22,27,44,48
AP-4JGMCI,22,23,28,38,53,54
AP-VDQS0N,20,26,34,37,39,59
AP-BM32IQ,11,16,18,24,28,46
AP-SED806,17,25,37,41,51,59
AP-OPK51T,10,19,29,48,52,55
AP-5GLV5M,12,22,25,31,49,60
AP-TFJQTD,6,7,16,28,33,58
AP-ZUGPUL,12,15,29,34,43,55
AP-I6FMUR,1,2,7,31,42,51
AP-XA7NTX,1,2,31,39,42,51
AP-0DN5MP,33,37,42,52,53,55
AP-XMDT5L,11,28,32,33,46,52
AP-7GL18C,3,17,27,37,44,60
AP-JTY16A,28,36,55,56,59,60
AP-STAN81,2,11,25,47,49,55
AP-79DF73,18,21,24,38,44,57
AP-ADUF5Z,1,7,13,38,48,56
AP-LBRFEU,2,33,35,43,59,60
AP-IZQFU4,6,13,19,30,36,57
AP-BLI5R0,1,7,8,12,28,44
AP-KOIQUU,16,22,38,47,52,55
AP-B65T4E,11,22,29,31,37,39
AP-EQI40A,6,17,34,41,57,59
AP-5IV202,5,8,23,35,51,60
AP-ACSP9Z,12,19,25,32,43,46
AP-T6N13N,3,4,15,25,44,58
AP-07G2QH,1,7,9,12,28,47
AP-6DMGC6,13,22,30,33,43,53
AP-Z0CQJ7,14,24,27,38,54,57
AP-7I8ZW0,7,34,35,52,59,60
AP-RY6NHF,5,18,23,38,51,55
AP-YDJHAQ,3,6,23,32,40,55
AP-IQUH6X,16,18,29,32,42,57
AP-6W29HV,8,25,38,43,47,51
AP-WQLDOP,24,26,28,33,40,56
AP-H407UP,4,40,42,55,56,59
AP-GSPHN8,18,20,26,49,52,54
AP-D9AP01,5,16,42,53,58,60
AP-ZOW1BM,15,21,38,44,45,58
AP-BMRUN1,3,18,21,33,38,48
AP-3229T5,11,16,26,28,42,59
AP-HKTYBO,6,12,14,23,45,57
AP-D53Z9E,14,28,38,41,45,60
AP-6TTXD0,1,15,19,25,38,46
AP-FB9LDP,4,19,37,49,53,59
AP-I57KQT,7,21,38,46,47,54
AP-1ESPJX,19,24,44,47,49,59
AP-W0XU25,11,19,25,26,30,43
AP-WPP6PV,11,14,18,26,40,42
AP-ERDSNF,1,8,10,18,31,43
AP-3UA6LZ,5,12,28,29,54,58
AP-XV3Y2W,1,2,6,27,33,41
AP-0Q7S87,4,15,16,18,26,39
AP-EXOPEL,1,5,16,43,54,55
AP-EVJXWB,17,23,28,35,54,59
AP-8TLGWI,7,12,36,40,42,50
AP-9ZQ5Z7,30,32,45,46,49,53
AP-96FIR2,10,22,34,36,41,45
AP-PQATCX,10,30,38,45,46,49
AP-A295TW,1,6,25,44,46,58
AP-AVQ94X,14,15,24,39,48,51
AP-MYU0O8,11,15,16,26,34,44
AP-Q73Y3H,3,5,31,35,40,53
AP-IBV9BJ,16,19,21,31,50,54
AP-GDFMMU,2,25,31,48,55,60
AP-SY32O6,2,12,14,28,36,44
AP-2KO7YF,1,4,38,49,58,59
AP-Q8O9R0,11,41,48,49,56,60
AP-ZTB7CE,4,19,20,27,32,39
AP-BTZEGI,9,26,34,40,55,60
AP-19A950,7,16,34,36,40,43
AP-88EETF,1,4,11,26,28,31
AP-QSKXP0,3,10,12,25,30,33
AP-S1UXAF,5,11,31,41,55,58
AP-BCU94X,1,9,12,28,35,46
AP-TIJ12V,20,35,42,43,46,52
AP-J7WU0C,1,7,38,51,52,53
AP-V5MK9O,20,30,34,35,39,45
AP-V0TA3I,1,32,35,41,51,55
AP-GJDC2X,10,20,33,36,55,56
AP-LQV13U,1,16,20,22,23,41
AP-6FY88H,13,15,17,21,40,59
AP-P2KIXS,6,26,39,43,55,59
AP-O92GD0,5,10,34,36,46,47
AP-JSODQ6,7,10,13,27,31,54
AP-ZTGAJY,23,34,35,39,40,47
AP-XIMJDF,3,8,14,41,51,54
AP-24UK6L,3,6,11,24,28,45
AP-75XVMS,15,20,25,45,49,60
AP-8GBPUW,8,10,31,46,51,53
AP-ZJZ0LI,11,17,27,36,44,49
AP-EY3VJ3,6,18,25,33,49,54
AP-Z7IY4D,6,11,12,14,20,41
AP-7SPLRK,5,6,9,13,38,51
AP-QBBEOZ,7,23,24,31,33,59
AP-KFSXFB,12,34,35,39,40,59
AP-X3TZRJ,2,14,17,20,36,47
AP-3PXYSM,1,7,22,38,51,57
AP-YQ4CPI,15,22,25,43,54,55
AP-AGQEA9,4,21,23,43,50,60
AP-GYM5GP,10,13,15,18,40,50
AP-J8OAGJ,7,9,13,18,24,38
AP-MHM9UC,3,9,26,46,47,57
AP-QCGZ13,2,5,24,42,49,60
AP-52UCWF,5,18,29,36,59,60
AP-FWXYND,3,12,20,26,47,60
AP-OS3A76,3,12,18,34,35,59
AP-QXM1PP,7,28,29,41,56,59
AP-KLP9SQ,3,12,39,48,53,56
AP-7O7PY7,2,3,19,27,52,60
AP-B8PTEB,4,14,21,47,51,56
AP-9C0A7O,2,11,12,19,20,41
AP-Q1HLL9,4,5,22,27,31,40
AP-MXPTX9,3,15,17,27,46,52
AP-CVZ5JB,19,21,25,33,43,58
AP-S6Y3DP,9,13,30,34,51,55
AP-IMUKJA,3,15,18,23,33,40
AP-0AYESA,14,19,26,30,42,53
AP-D7HMVH,12,16,22,34,36,45
AP-QFWI0C,6,7,46,51,53,56
AP-LEF4E5,7,15,21,22,38,56
AP-YJD4UO,27,32,35,37,49,54
AP-PZ4139,5,19,40,43,56,58
AP-5WST7M,1,8,14,36,49,55
AP-31L88E,6,8,37,47,56,59
AP-DM0HP9,2,8,22,27,32,53
AP-ECHRV2,11,21,27,41,46,55
AP-8C8SZK,5,7,13,33,41,50
AP-H31OOX,8,36,39,41,44,55
AP-PLSG9Q,12,19,22,23,39,56
AP-36TQX9,22,25,28,40,54,56
AP-UGH7JP,3,22,35,46,57,58
AP-7MND5Q,17,24,36,44,46,58
AP-ZMQ4ED,4,6,24,49,54,59
AP-NKFP71,13,17,34,40,42,51
AP-0AYK4Y,18,26,28,39,44,59
AP-5MQFL3,2,6,7,14,54,57
AP-Q40PTB,3,12,16,25,51,55
AP-I66E3X,2,3,24,47,51,54
AP-UNNIV3,1,10,25,29,37,39
AP-4IKSIO,12,26,33,55,56,60
AP-1SD4QQ,1,9,11,19,20,46
AP-WFBJ7I,5,14,17,39,53,59
AP-WWD0U2,12,22,33,40,45,54
AP-D091WV,12,13,32,38,54,58
AP-AW6052,2,13,15,18,41,58
AP-GUY3GF,6,22,25,26,27,28
AP-S9W0EU,9,14,17,26,57,58
AP-HHRWQ5,9,16,17,18,24,53
AP-TJ1TFN,12,31,32,34,46,53
AP-34KCBQ,25,38,49,54,57,59
AP-UJPRAO,17,21,24,29,34,56
AP-KQC3KV,1,19,27,48,51,57
AP-AA5KEL,15,27,33,40,49,51
AP-PBQNF9,22,25,31,34,37,47
AP-BFD7QW,12,26,34,48,57,58
AP-6FSPAM,11,12,27,29,35,54
AP-2IBJKL,29,38,40,49,54,59
AP-IJ5PHY,4,8,15,18,27,30
AP-JX4ZRU,2,10,11,18,25,60
AP-5GODYG,6,8,14,19,31,57
AP-VAL4ZE,14,15,36,37,49,57
AP-R62YKE,2,3,5,8,26,43
AP-KSODGP,8,29,35,37,43,49
AP-SG3BEA,10,11,16,20,33,44
AP-HTVNPS,3,11,27,29,36,47
AP-GGJKJS,4,19,23,25,28,38
AP-A51AXG,3,7,18,28,29,33
AP-HFBNJ8,1,6,19,32,48,60
AP-ZKX5YY,4,16,32,39,53,60
AP-VMQA09,3,13,50,58,59,60
AP-RVR253,9,16,35,36,39,54
AP-I45OAJ,3,16,39,40,42,59
AP-48UN9L,2,16,22,26,44,60
AP-T9QZ0Q,2,6,21,31,54,55
AP-REVOMF,3,4,21,38,41,60
AP-NBK9X6,4,20,25,33,53,59
AP-Z5MUG3,11,18,25,27,40,46
AP-5135ZY,6,21,30,35,37,57
AP-XG0KOX,9,18,36,49,50,55
AP-KEUHZ3,21,22,28,41,47,52
AP-H9A63P,6,11,25,31,51,54
AP-666WUB,7,14,16,22,32,33
AP-ODVZCT,29,43,51,52,57,60
AP-OTJKHL,14,21,22,33,44,47
AP-K1Y9FS,12,21,37,40,51,59
AP-8R28X5,8,11,34,37,41,56
AP-SG5K2D,5,15,27,39,46,52
AP-E2HW5V,11,29,34,54,55,58
AP-KBWZXZ,1,5,7,10,53,55
AP-0H6C6B,17,24,32,36,39,60
AP-YLFUWH,7,22,26,31,57,58
AP-FRSIB8,11,27,29,36,40,60
AP-K07Q4E,7,12,13,14,46,58
AP-67XO66,8,17,30,35,48,56
AP-NUU676,18,23,29,47,50,53
AP-IY09P5,1,4,26,46,53,54
AP-KD6G23,7,13,15,46,47,53
AP-0LJ7IK,9,29,47,49,53,55
AP-8RI93Y,4,22,27,43,48,49
AP-9TAYWJ,2,7,14,35,50,56
AP-W73B87,10,22,44,46,47,60
AP-UEBJNZ,11,42,44,49,56,59
AP-LQABSZ,1,5,7,9,13,42
AP-S199U2,7,22,24,34,37,49
AP-MSERP0,1,4,36,37,45,48
AP-RMDLAT,14,29,32,42,49,52
AP-U1IJB6,3,22,41,43,45,60
AP-7XYC0X,27,28,32,37,48,50
AP-YB0UMI,1,25,38,39,55,58
AP-HZBHM3,7,29,39,46,55,56
AP-ZOZZGQ,2,29,49,50,56,60
AP-190RNY,5,7,16,26,29,32
AP-PZGSM2,8,10,18,30,44,58
AP-105D7Z,1,20,25,42,50,60
AP-DNWJVE,1,30,35,41,50,54
AP-7P545N,4,5,11,13,53,55
AP-VWCLMR,12,19,30,43,52,59
AP-H9AD31,3,15,21,45,48,51
AP-9ZA1ZQ,18,25,35,43,49,50
AP-37M73B,23,27,33,51,53,57
AP-W10038,9,18,26,27,46,59
AP-ZVDKRO,7,10,27,45,46,60
AP-N5S969,2,6,12,21,26,55
AP-SZHIEA,4,9,25,28,31,50
AP-95R2NI,6,7,11,16,26,60
AP-MDERSQ,7,14,21,36,44,57
AP-L6BMSP,13,15,38,39,44,46
AP-IJ1L2G,2,3,17,25,33,52
AP-VLSCYJ,12,14,28,31,38,50
AP-DCD4V7,6,12,18,20,36,52
AP-32LOFP,15,21,26,41,47,56
AP-0CURBX,3,16,19,43,48,55
AP-DEZZP4,19,31,38,42,52,57
AP-RG6BBW,4,7,12,20,27,55
AP-6Y265P,6,24,29,40,45,57
AP-O2JDCV,12,19,24,25,26,28
AP-XW3I8I,6,16,37,40,49,58
AP-GX7VJ8,4,8,13,26,33,45
AP-CBAUEB,13,19,20,35,46,53
AP-LVDORC,2,19,28,38,41,44
AP-9C27OK,9,16,27,48,56,58
AP-UETX40,2,6,13,15,27,54
AP-6MCRM6,5,9,15,34,50,51
AP-IQKSEN,15,23,25,34,36,52
AP-9E26I2,1,18,25,28,45,50
AP-0TIZGE,1,6,8,16,54,59
AP-NGHT6I,13,15,39,57,58,59
AP-4YK8XQ,23,32,35,49,59,60
AP-T9ASNQ,9,11,26,32,52,57
AP-EC8L5S,17,23,27,41,42,56
AP-6BI7WA,2,3,30,41,42,47
AP-UNKZWB,10,29,35,37,58,60
AP-G8RCUZ,5,27,28,30,34,44
AP-ZQLEC9,9,16,37,42,44,49
AP-4EWP6N,1,16,27,46,51,58
AP-OTXJ2W,1,29,47,48,50,55
AP-Z9WLQX,10,31,33,37,41,54
AP-B06WOL,1,23,27,30,33,60
AP-L7OK8D,4,16,26,52,54,57
AP-G75YHF,16,22,39,40,45,55
AP-X8TIEL,10,14,26,36,38,40
AP-H8RY90,14,15,22,49,57,58
AP-MSO48N,6,17,23,25,36,52
AP-4ZI90B,17,20,32,33,53,60
AP-E9VM1K,11,14,20,27,29,47
AP-9TMK4G,4,27,36,42,50,60
AP-T6LFHD,1,10,18,50,54,56
AP-1KL36Y,12,14,32,49,50,53
AP-OTZ3K1,22,29,33,41,45,54
AP-ANDH88,12,35,36,46,50,56
AP-XU25FL,35,43,45,47,55,59
AP-DPRHPY,4,5,15,24,41,47
AP-SOUVKU,18,27,29,38,56,57
AP-8AX9YB,1,13,20,33,52,57
AP-B8ERY6,21,23,28,38,51,54
AP-9JRKAV,10,20,33,34,41,47
AP-5NN9YJ,7,21,37,39,42,47
AP-00VZ6P,7,9,25,39,45,51
AP-UJ25A1,8,18,21,35,49,58
AP-D3N36R,22,41,44,47,56,59
AP-S2E75A,2,19,25,27,58,59
AP-FHI2KF,23,27,28,33,43,54
AP-YEDYAF,17,30,40,45,54,60
AP-JY9AGB,3,32,34,36,38,48
AP-5GKMG4,21,30,33,36,42,54
AP-JAT81T,4,31,51,53,55,59
AP-3AX2H8,4,17,27,29,40,58
AP-JNSU3I,28,31,35,45,54,59
AP-SBMV6O,5,11,28,38,53,58
AP-GCR21K,18,23,25,29,43,55
AP-B99D6A,3,16,23,30,45,48
AP-XRRKPJ,6,37,45,47,50,56
AP-74T0F4,2,13,38,39,51,55
AP-UQWN32,8,12,35,39,47,59
AP-RJSWMX,6,14,23,27,29,57
AP-8SWILS,10,25,37,46,48,56
AP-7VOAGA,10,19,22,35,48,54
AP-XUZS9C,9,15,30,35,49,55
AP-H5I4FR,3,4,10,12,21,40
AP-T8S6SK,10,18,34,40,45,51
AP-4HKRKO,7,8,30,33,39,53
AP-NXOXH7,18,25,38,44,48,52
AP-6Q00H8,18,21,29,38,41,54
AP-GFPHX2,12,14,19,39,52,58
AP-XMLDDH,8,10,19,28,41,46
AP-31WPBA,1,10,13,22,23,34
AP-8HKBRU,5,12,14,20,36,60
AP-EN3V60,7,18,30,40,50,59
AP-SECHSL,3,14,31,43,45,48
AP-M5IAL6,9,34,38,41,50,56
AP-VCESXT,16,23,24,27,48,54
AP-IF4PQS,4,10,14,19,48,52
AP-P4ZXD6,10,35,38,39,54,56
AP-6BTC04,4,6,7,32,47,53
AP-QGJFDF,26,27,29,38,40,60
AP-DFSRUP,3,18,20,30,38,54
AP-CUBCRT,5,8,10,11,12,53
AP-EJ114X,2,13,16,35,41,45
AP-UMYEET,12,17,25,36,43,47
AP-PP1OQI,19,26,29,37,57,58
AP-5PTAD1,1,2,3,11,44,50
AP-XNNPKP,6,17,19,33,44,58
AP-ZG9Z2T,18,23,25,28,49,60
AP-ZND3AJ,2,19,22,44,54,55
AP-KF0TYW,6,18,27,39,47,55
AP-98TKAV,2,5,10,25,55,60
AP-4Y5H2T,9,32,33,39,44,59
AP-VZIMI1,4,17,24,33,36,38
AP-519J4M,4,6,7,21,36,40
AP-2FNV5B,4,19,25,29,30,52
AP-F5DWLH,11,12,18,30,57,60
AP-XJ0K3L,25,39,43,46,49,51
AP-5PPZIF,9,19,38,40,42,58
AP-DIUIHN,9,21,24,50,54,60
AP-JQ5YOR,1,7,11,12,34,50
AP-9638NS,2,27,42,45,52,58
AP-O44ECO,7,16,26,30,38,39
AP-HABFT6,26,27,36,44,55,60
AP-H74V5X,6,9,27,30,35,56
AP-GRJW48,9,24,31,36,38,49
AP-0NW74X,9,12,37,40,47,58
AP-0WJFAB,8,21,24,37,50,51
AP-X7X1WZ,4,7,22,39,41,47
AP-P8JK74,13,20,46,49,55,56
AP-MZ85WW,1,3,5,36,48,50
AP-4E64AU,1,34,37,39,56,57
AP-9X1HGX,4,21,34,38,44,52
AP-MJ8H37,8,28,32,47,55,56
AP-ZVD9QH,16,30,31,39,40,42
AP-GLDAD4,9,14,19,36,41,57
AP-2XY1MF,1,7,30,32,37,47
AP-UOHKTU,14,15,21,23,33,35
AP-C056AK,3,18,20,22,24,29
AP-A80IF6,13,14,34,44,52,53
AP-WG2YIL,12,24,32,33,44,45
AP-K4I2T2,20,30,40,42,45,50
AP-DCEGVD,28,39,41,43,48,59
AP-Z21D75,7,14,28,34,36,48
AP-1MXBI6,12,16,17,33,42,52
AP-YTNEPX,10,31,35,43,48,53
AP-GZ82PA,2,3,19,22,44,54
AP-XU0JWG,13,25,35,41,48,50
AP-T3H5T6,4,8,10,29,49,52
AP-T0XQIT,24,28,34,35,36,39
AP-6IAW6I,2,17,42,46,56,60
AP-XN5ZU3,12,14,17,43,54,55
AP-FXEZKI,1,25,26,41,43,46
AP-0P6XQ7,11,29,30,32,36,41
AP-HK9VBP,8,22,29,38,44,53
AP-JLO0I6,3,6,8,24,26,43
AP-P7423O,13,30,32,33,48,55
AP-WDLVU9,30,39,41,51,52,57
AP-BH074D,6,14,19,22,32,50
AP-LTFEEI,15,26,30,37,49,55
AP-28LMWO,11,18,31,40,45,49
AP-Y4U41I,3,6,9,35,48,49
AP-LUV6PC,5,9,16,28,32,43
AP-JFH59A,4,10,11,21,34,51
AP-08OOS9,10,13,17,21,24,35
AP-QOZA9I,21,24,26,28,30,31
AP-5L2MEU,10,28,31,34,51,57
AP-DM59BZ,1,3,6,29,31,56
AP-VUZO04,9,30,38,53,59,60
AP-6VP01K,11,16,19,36,52,55
AP-WUXJZC,1,20,32,40,47,52
AP-S3ZZAH,9,15,38,43,52,56
AP-H1J9SL,22,30,42,48,52,57
AP-UZYHO5,4,12,15,21,46,51
AP-CE5OXB,19,24,29,34,49,58
AP-RXYUH2,5,14,17,23,38,56
AP-FQ0S0P,3,7,13,30,38,48
AP-3BDKOL,18,26,35,41,53,55
AP-DG7YZM,5,14,16,27,55,58
AP-8H23A6,12,17,18,46,51,54
AP-7J1NEX,3,4,24,47,50,54
AP-QYNM9Q,3,19,36,46,47,57
AP-M7KXFC,23,27,29,40,43,52
AP-1OT6UK,22,31,40,47,55,60
AP-UB5IHA,1,37,38,41,49,51
AP-SEOMNL,4,8,12,27,43,45
AP-7K6GE4,1,18,33,37,48,56
AP-OTTOZC,7,24,25,33,37,38
AP-K16RK7,18,20,31,37,47,54
AP-9TS62S,27,29,34,38,41,48
AP-M261TV,4,19,24,26,32,39
AP-VXZAH0,9,13,17,28,49,51
AP-P6V58P,5,10,32,40,47,52
AP-N04ZXA,25,31,45,46,49,56
AP-4U2LTM,16,19,20,27,46,54
AP-3Z7ZZ6,6,11,16,30,51,60
AP-8OX8JI,5,8,29,34,39,48
AP-PIF1IQ,11,14,47,50,54,56
AP-T30NOA,17,22,32,37,45,51
AP-DG3DXN,5,9,20,29,31,54
AP-MF4ICJ,6,32,42,46,54,56
AP-D60EP3,8,9,14,24,34,52
AP-FOQUUX,5,13,21,23,31,33
AP-Q6CYQ1,2,5,17,21,25,41
AP-INGSAD,10,25,32,47,56,60
AP-8FP2B1,1,2,18,20,37,49
AP-3NAH3W,19,35,41,52,53,54
AP-W4I1EY,4,5,10,12,48,57
AP-PVVXF4,16,22,26,32,41,50
AP-WG43Z8,3,5,30,40,44,60
AP-HY2UIU,8,20,39,42,51,54
AP-0NV09F,10,13,17,18,22,49
AP-CM9HY4,3,4,14,18,38,47
AP-2UMWKE,1,4,37,38,48,50
AP-8NLIQ5,5,8,18,22,23,35
AP-RKELXL,10,12,26,36,47,56
AP-WMVL9B,1,15,28,32,37,57
AP-3KHCHZ,5,18,30,49,56,60
AP-H5G8ML,14,15,20,26,31,59
AP-KLJPRZ,35,40,49,50,53,60
AP-G0DM6I,3,5,11,12,15,49
AP-5KWJN1,6,13,19,45,46,48
AP-54FNZE,5,13,28,29,33,46
AP-BYTFEK,27,31,35,36,37,60
AP-GYHJTJ,1,16,21,28,33,44
AP-3ST7JZ,9,20,27,28,40,48
AP-JZFNC3,11,15,18,31,45,55
AP-O2ABW1,4,11,15,18,29,32
AP-ZY485D,2,11,18,21,53,60
AP-96016P,16,17,33,35,44,56
AP-OJ2VRJ,2,4,11,17,35,37
AP-NCW4O0,5,10,41,50,54,57
AP-5M3DPN,16,24,34,46,50,52
AP-44HWIK,2,3,5,24,25,36
AP-OMEL4J,1,24,31,43,54,59
AP-S5WDXE,15,21,25,31,32,42
AP-OPHD5M,2,13,37,50,51,58
AP-QM6Y4U,11,13,17,21,43,51
AP-MSSQTJ,1,6,15,28,29,44
AP-7G333P,2,31,37,39,45,47
AP-VR54XQ,12,23,33,46,47,51
AP-PLTJ4D,17,19,31,32,34,40
AP-DEQQZU,14,19,23,39,46,55
AP-6DTVFG,1,8,24,27,31,35
AP-LXC8DL,13,17,39,42,49,51
AP-BJG576,24,25,33,36,37,45
AP-7MROOC,10,24,38,43,52,57
AP-84AG9U,8,18,35,41,44,57
AP-6V6ZG8,18,19,30,33,39,55
AP-0XOO8B,10,12,19,41,47,58
AP-EVA36Y,12,14,36,50,56,58
AP-B56U8O,10,15,35,46,47,49
AP-V8JIUV,6,26,29,38,54,59
AP-BMWKJQ,7,22,31,40,45,46
AP-BJBWQG,23,25,30,31,33,49
AP-3OYZ6T,42,49,53,54,59,60
AP-L556AK,5,14,19,23,26,50
AP-L8IO8D,15,21,42,43,50,55
AP-ZUZNCC,18,20,35,36,52,54
AP-D4Q1BH,9,14,21,22,35,44
AP-WZIKQW,2,5,24,45,52,58
AP-8GSWHT,7,8,9,34,44,49
AP-0NOJG2,4,25,33,40,49,54
AP-IR4S2S,26,31,45,55,59,60
AP-8XEVOG,5,20,26,29,43,51
AP-O4PUII,30,38,43,51,56,57
AP-ML51FL,6,20,23,29,41,50
AP-ISY3Q5,24,26,30,41,53,56
AP-DXDDJK,16,39,40,48,50,56
AP-IL6RQR,9,11,25,26,38,56
AP-TH7VZZ,1,3,21,40,47,58
AP-1KUXN3,7,10,33,35,44,45
AP-FXS1GB,2,18,29,46,49,58
AP-2BCJSI,12,24,26,36,46,51
AP-9AAIOM,35,37,42,45,54,56
AP-FM5PRM,4,14,18,42,44,56
AP-KHBS6A,16,19,27,34,46,58
AP-VZ21OK,5,7,12,22,27,41
AP-4BYRFG,2,13,15,23,32,57
AP-OX6EUM,2,6,15,40,56,58
AP-FJWQSI,23,34,44,55,57,59
AP-KZ9XQZ,10,14,27,44,58,59
AP-3QE9MO,2,9,24,28,48,56
AP-6YLB2N,6,7,35,45,53,54
AP-4IFX86,3,6,9,19,48,51
AP-1KELR1,3,4,15,23,47,55
AP-R9ZBQ2,10,14,22,30,43,57
AP-P10NBM,8,18,36,48,57,58
AP-Q2SCOM,2,7,15,24,33,38
AP-GHJENO,20,21,30,38,44,49
AP-RNT63U,15,21,32,38,45,60
AP-CUX58G,26,32,37,42,43,59
AP-00P780,9,25,31,39,51,57
AP-N9DSPS,4,25,29,33,37,40
AP-AZJM8D,23,33,35,37,50,53
AP-HVRALB,5,20,43,44,49,56
AP-BS6NBA,1,14,23,33,53,57
AP-A39H98,24,33,34,47,55,59
AP-PA7Z8H,3,7,16,28,44,46
AP-MITOQP,16,34,42,43,46,57
AP-0FDBFS,13,14,34,43,45,55
AP-42V3WI,9,26,31,35,43,52
AP-W88EP4,6,11,12,25,34,39
AP-5031I0,3,8,38,40,49,50
AP-1PBCTL,16,23,27,32,35,39
AP-SLW40I,15,16,18,49,52,53
AP-G7C6NY,10,13,15,16,52,60
AP-RE0WCH,26,32,33,38,50,56
AP-D63390,1,6,8,34,42,51
AP-3BWFUD,16,26,31,39,47,54
AP-YQECCE,5,8,22,38,44,48
AP-IWCJKV,19,28,32,38,50,55
AP-NUEZ6V,2,11,15,25,56,58
AP-05YWTX,1,5,14,30,48,59
AP-E05OJB,11,34,36,43,52,60
AP-P703J6,2,3,14,27,40,57
AP-5YXYL7,1,2,9,23,46,47
AP-RGWNTX,3,25,31,34,36,45
AP-BCEQTP,15,29,38,49,50,51
AP-E5ISXC,5,14,23,44,45,57
AP-ZKTM5M,13,27,33,45,46,52
AP-QZFJNB,5,18,22,35,44,45
AP-ZMT3FM,1,26,36,37,39,48
AP-PLXSD4,16,19,31,36,44,45
AP-YFK31U,4,6,15,23,31,34
AP-NOWF5E,6,19,23,30,55,57
AP-K74F3O,24,31,40,52,53,54
AP-24X3JY,7,20,34,35,36,40
AP-5G3Y3B,8,18,37,39,51,57
AP-HO4RFK,11,13,24,28,43,59
AP-9QULD7,2,5,6,31,37,47
AP-SZEGXS,7,14,15,24,36,40
AP-Q8FZMB,16,17,20,52,55,59
AP-N14O7M,10,16,20,29,44,55
AP-9Q3S3E,4,16,31,35,46,52
AP-2ADIM9,3,11,22,24,37,46
AP-16JZOM,7,27,34,48,55,56
AP-RKU871,14,25,34,35,42,59
AP-1WMFL4,13,18,19,49,53,58
AP-KO9WYW,7,8,22,29,55,58
AP-V9UUU1,3,8,22,35,37,46
AP-083XMD,14,21,30,36,44,48
AP-WRD3OP,1,8,34,45,46,52
AP-UQE5N5,31,39,45,49,56,59
AP-1CZ43B,8,35,45,49,55,60
AP-JVIOJQ,21,43,51,54,55,56
AP-JBFQMY,9,10,27,41,53,60
AP-6TKPV7,4,9,27,34,42,59
AP-Q7EGXG,3,19,35,36,40,55
AP-P401QR,36,40,42,44,52,53
AP-SAM9OT,21,23,33,42,54,57
AP-IHT2GN,16,19,42,49,50,56
AP-CMZGE6,16,33,36,43,54,58
AP-UH42P9,6,10,28,32,49,59
AP-FFIHMM,23,29,35,44,45,60
AP-IAMZO3,27,32,35,41,50,59
AP-1XACP1,1,3,16,22,26,29
AP-8HFIPO,29,31,33,36,40,47
AP-N4PGF3,2,5,9,24,34,46
AP-KAT97S,11,18,38,41,50,53
AP-1W890W,16,25,35,44,48,59
AP-SMJU0Y,17,21,42,44,48,50
AP-GZ64QQ,2,25,29,39,47,51
AP-IGAJLF,10,16,23,26,28,32
AP-2ZPSV9,21,25,29,30,53,54
AP-3C4CX5,5,17,19,36,56,57
AP-4QZ4KJ,3,18,21,25,27,53
AP-TJOO8E,2,8,16,38,44,54
AP-IB2MFG,9,15,21,26,38,59
AP-PNGN42,12,20,32,36,38,43
AP-QF65HF,1,31,42,48,56,59
AP-8NKJKZ,17,26,29,32,43,47
AP-OZIX1B,1,9,12,28,57,60
AP-48TZEY,6,7,27,43,46,53
AP-PH064V,12,18,24,37,48,52
AP-YYA71J,5,7,9,13,29,57
AP-2L7US8,7,26,33,40,44,50
AP-UX2MM2,5,7,15,26,29,43
AP-8NOC9O,1,28,29,39,45,51
AP-275Z86,1,16,17,31,53,54
AP-1J0QJM,3,10,16,31,41,51
AP-KUP9ZS,5,7,28,29,36,55
AP-79BXHK,5,8,28,41,46,59
AP-IJPMB3,7,9,20,26,39,45
AP-JH9TH3,12,24,41,46,47,54
AP-1VE7QQ,7,14,16,34,42,55
AP-PL2NW2,6,11,22,30,45,56
AP-4VLPOT,15,16,20,29,47,51
AP-LSX7U6,17,24,42,46,49,57
AP-L9I1A9,1,13,23,24,42,44
AP-UW4B7A,7,8,9,26,33,51
AP-96SVKR,3,12,13,29,34,55
AP-BENW6Y,12,14,21,28,32,49
AP-SX0GZP,4,16,22,34,37,59
AP-P0NBWT,4,10,29,32,38,47
AP-UC3J6P,9,10,11,22,57,59
AP-ZQ1JNG,1,5,8,20,47,49
AP-VY6POG,25,30,36,48,52,54
AP-08CJC2,6,14,19,22,27,52
AP-6DBPUD,3,19,24,29,38,52
AP-47QTBR,5,7,32,40,42,43
AP-B4E9NR,6,13,23,32,44,55
AP-5OCR53,14,26,36,43,47,52
AP-9KELR9,18,24,33,52,56,59
AP-1WDRB4,6,13,33,36,38,44
AP-RIKRAE,7,27,29,40,46,49
AP-QO0EKO,13,20,38,41,51,56
AP-H0MHCY,17,25,31,47,52,60
AP-9MEKKY,2,16,26,33,37,56
AP-FTRVB2,2,15,24,28,43,48
AP-RXAG0T,34,39,49,50,51,58
AP-RN1PMV,1,10,22,23,26,35
AP-WDZYOK,12,24,35,40,43,51
AP-6SUP1V,1,27,30,32,45,55
AP-K95B34,13,37,41,43,54,58
AP-CI208C,13,22,26,29,38,40
AP-H2V7JK,27,30,40,42,53,59
AP-TZ8W8Z,3,10,12,29,30,31
AP-UK3BB9,2,10,11,13,27,56
AP-A8PMWK,1,22,23,33,45,57
AP-MNV4PB,17,23,30,31,34,56
AP-O3XDPQ,17,42,43,46,51,56
AP-H6PR8J,8,16,27,29,44,50
AP-9EV7E6,13,17,28,34,40,54
AP-NR6F16,1,7,37,48,52,56
AP-X718HB,1,4,8,17,35,41
AP-3ANVY4,3,13,32,35,44,49
AP-Y26MSX,3,11,23,31,41,50
AP-LZ6Z1P,5,9,18,39,58,60
AP-CZDOCU,12,15,17,23,47,59
AP-URV3TN,7,24,26,34,35,48
AP-RR7C0F,9,13,22,37,42,54
AP-7BICB1,5,12,14,20,29,45
AP-9HOLEU,4,5,26,32,46,59
AP-KMJD4S,6,16,31,37,44,59
AP-Q9EBXE,14,30,43,50,59,60
AP-C76RPW,14,15,17,24,37,59
AP-IJL00Z,12,13,44,56,58,59
AP-2BD1UL,9,40,47,48,56,58
AP-N13Z0N,1,16,18,21,33,44
AP-SILNRB,10,19,23,40,43,44
AP-LJF9M5,17,21,24,45,49,56
AP-MX8APU,2,9,13,14,47,56
AP-FMQ5F2,26,27,43,46,55,56
AP-RR39SC,2,5,8,27,35,53
AP-ARVXMI,16,17,25,40,45,60
AP-8SB5SV,18,22,29,35,54,55
AP-KKV8PD,6,27,39,47,50,55
AP-OTBI2I,5,7,27,32,41,52
AP-R1OCZG,5,25,28,39,52,58
AP-F74ACH,10,17,39,40,49,54
AP-2DFZF7,7,8,27,30,36,60
AP-ZWTCNW,17,18,23,42,55,58
AP-3186M8,8,17,35,38,58,59
AP-AQ5GL6,9,10,24,27,34,56
AP-FZ2GB3,15,28,30,38,42,45
AP-8OIXPG,1,14,20,22,42,51
AP-5B2H0L,8,30,36,43,45,46
AP-6S44H5,4,5,12,14,16,28
AP-DM80HX,8,18,31,32,35,46
AP-1YOJNG,6,9,18,20,45,46
AP-2TWDV7,9,25,40,48,51,60
AP-1VYWZJ,14,23,26,35,54,60
AP-92JDST,5,12,33,44,45,53
AP-OHMZ0Z,5,14,35,39,43,52
AP-KO7F0U,10,12,22,29,40,44
AP-5F0BKG,9,27,38,43,45,58
AP-MQRDPG,14,15,22,34,51,60
AP-OOQ0QS,1,18,40,41,46,55
AP-YKBGM3,7,10,18,43,47,55
AP-9KEUQ3,15,23,25,45,50,53
AP-DW8ZJ2,19,36,41,51,57,58
AP-421L3C,3,10,30,35,36,50
AP-5VQ3BA,23,26,32,34,37,56
AP-U2Q909,2,10,24,40,50,59
AP-OKF4GK,3,13,21,45,47,57
AP-QHAWF8,6,10,11,20,21,30
AP-69IAHN,4,38,41,48,52,54
AP-3ACLQ6,17,19,26,31,41,51
AP-LTI1RQ,2,37,48,53,56,57
AP-4UGJJE,32,33,37,44,52,57
AP-VO0QS0,23,35,47,49,51,58
AP-NIOU4W,5,15,20,26,27,48
AP-SNN92Q,11,18,26,37,40,44
AP-YHWQ4Y,4,19,33,45,47,51
AP-K3FTIY,28,31,44,51,58,60
AP-0TJ74C,18,20,23,38,47,58
AP-B2JQ9F,18,20,26,47,55,58
AP-S63LPU,8,15,16,20,27,56
AP-W86NEE,10,13,17,19,24,37
AP-VSVPF2,1,6,43,45,51,52
AP-84Z7WC,18,19,26,36,47,56
AP-6SNSN7,2,25,30,41,46,55
AP-9DJF01,8,12,36,41,51,52
AP-FQZJJ8,6,12,16,32,42,49
AP-IFLH9Z,25,31,47,53,54,59
AP-GTBG22,13,21,30,33,39,51
AP-RHEL0E,6,47,52,54,58,60
AP-B7LPOP,1,5,10,22,43,51
AP-3HWSNT,2,12,18,43,49,56
AP-CSMS96,12,14,30,52,58,60
AP-7YIKOO,2,8,26,33,51,59
AP-UPS1BI,14,21,34,41,51,52
AP-VSU0TW,3,13,21,31,48,53
AP-ZM4Z0Z,16,22,30,31,49,51
AP-NGW0F9,10,32,36,52,56,58
AP-WR4JAA,8,13,30,31,32,43
AP-AMI506,5,10,21,34,50,54
AP-2H3NN9,21,24,29,40,41,54
AP-1SU65O,12,19,20,34,38,49
AP-4VJ5AP,1,13,29,33,48,59
AP-XMXR52,1,2,21,28,32,54
AP-746VKF,19,24,42,44,45,58
AP-RB80F5,1,2,30,46,50,52
AP-NF22NQ,3,18,22,28,41,55
AP-11DPTC,6,21,42,51,54,58
AP-AKRN32,26,32,36,38,43,53
AP-L4GMDB,2,11,26,28,42,43
AP-YS1CNH,19,21,31,34,36,38
AP-WWZDI4,9,19,23,32,33,45
AP-7JVVFI,26,30,32,47,51,52
AP-L94AC7,3,16,18,21,32,51
AP-2GB5L6,3,4,18,27,30,34
AP-TPZFIH,7,8,12,15,27,47
AP-K025I0,4,13,14,19,43,46
AP-JB51TX,14,21,44,45,46,49
AP-HHB5XF,8,13,29,31,42,47
AP-NXDUC3,1,7,33,34,38,45
AP-G05CHX,6,9,17,22,54,58
AP-QG7E8C,7,10,32,41,56,57
AP-PIPN8Z,11,20,31,33,46,57
AP-LD479T,12,17,21,45,51,57
AP-VDKWSD,4,10,28,33,44,48
AP-CKMIAR,13,15,25,34,35,38
AP-XVQAFX,10,18,24,37,39,52
AP-C8ALLZ,9,16,31,49,52,58
AP-C49253,10,12,24,30,32,48
AP-M7DHQG,3,14,20,24,38,45
AP-LIJKH7,21,27,43,47,48,55
AP-FCEULU,18,44,48,53,55,59
AP-VJPI5Y,3,9,24,47,50,51
AP-JUHNP5,9,29,43,46,47,48
AP-2643TU,2,7,11,21,41,48
AP-UODDN9,11,18,29,35,38,60
AP-QK6698,9,10,34,51,54,59
AP-3JQU55,16,20,28,30,42,46
AP-ZUMDZO,5,18,20,25,26,33
AP-MR7HHM,4,8,9,13,18,56
AP-SR1WZZ,2,8,31,37,53,56
AP-2HK8FL,16,27,29,37,46,54
AP-OCS6LJ,29,31,36,38,39,43
AP-2S0BXF,9,13,30,32,48,58
AP-496YZX,7,17,20,44,56,57
AP-JG5CMD,1,5,10,36,44,54
AP-RXS06W,4,38,45,50,52,53
AP-52IK3A,3,6,21,39,44,47
AP-BEUA2D,7,16,31,39,40,41
AP-AYMMFT,2,6,20,32,49,51
AP-K5LNVD,18,38,39,42,52,59
AP-KUKMPA,24,27,33,43,56,57
AP-4566D5,2,3,12,33,38,39
AP-II44QG,3,15,16,17,25,33
AP-YZ6M7X,3,14,18,22,24,46
AP-TIXGA0,2,8,10,17,27,30
AP-HGUFE0,9,18,23,31,43,56
AP-NAMDCV,14,35,39,45,50,57
AP-QXKPWX,1,5,24,25,29,35
AP-50IGDR,15,20,23,49,53,58
